from_stop_id,to_stop_id,km
265272,546952,0.9717
308422,430490,0.8911
430490,442422,0.6641
442422,229688,0.6324
229688,117407,0.5337000000000001
117407,52414,0.4751
52414,179308,0.9118999999999999
419858,377395,0.2862
377395,681388,0.4958
681388,410816,0.9155
410816,204480,0.39030000000000004
204480,322261,0.6393
322261,574499,1.6745999999999999
574499,413252,5.3246
413252,269288,0.9787
269288,407560,1.1171
407560,20805,0.4575
20805,480826,3.1528
480826,641590,3.4676
641590,341598,1.1512
341598,33413,2.7584
33413,616157,1.8582
616157,302649,0.48310000000000003
409460,669342,0.6545
669342,113818,0.6273
113818,435127,0.9746
435127,361271,1.471
361271,27507,1.3658
27507,631182,2.2204
631182,216463,0.6254
216463,341766,2.6438
341766,376500,0.5982999999999999
376500,513106,1.9532
660831,300705,1.0680999999999998
300705,409460,0.2375
376500,332082,2.0881
332082,430025,3.1797
430025,358984,0.1688
358984,285308,0.8702000000000001
285308,444516,1.7654
444516,530888,1.5513
530888,342751,0.7098
97316,265272,1.4863
596275,463369,0.5398999999999999
463369,353974,0.49169999999999997
353974,394543,1.2392
394543,21283,0.4128
21283,225099,0.5966
225099,146984,0.538
146984,306615,0.7968
306615,31921,0.599
31921,244649,0.7581
244649,377247,0.5066
377247,11763,0.6127
11763,71039,0.3232
71039,495033,0.8107000000000001
495033,65236,0.7471
65236,119762,0.3442
119762,395023,0.38160000000000005
395023,569694,0.6424
569694,498217,0.7069
498217,215869,0.6626000000000001
215869,158944,0.9158999999999999
158944,644925,0.2314
644925,637206,0.5204
637206,537262,0.2512
537262,629135,0.5932000000000001
629135,467149,0.8413999999999999
467149,293898,0.209
293898,20542,0.48269999999999996
20542,141431,3.8615
141431,596275,0.5562999999999999
27129,496473,1.8027
496473,227071,1.8217999999999999
227071,83560,3.0663
83560,225527,0.2537
225527,141025,0.7554
141025,70488,0.9247000000000001
70488,153497,1.6424
153497,403052,2.8439
403052,117586,3.3481
117586,169102,1.6884000000000001
169102,21827,2.1226
21827,125445,2.2220999999999997
125445,291146,0.4589
291146,239314,0.4234
239314,383908,0.4952
383908,501669,1.3202
491581,378248,0.30810000000000004
378248,362140,0.8012
362140,95254,0.48319999999999996
95254,570624,0.798
570624,81926,2.9652
81926,207955,0.567
207955,172701,0.6321
172701,36122,0.4669
36122,298285,0.2984
298285,255176,0.38880000000000003
255176,101592,0.5307999999999999
101592,663030,2.6433
663030,602545,0.2761
602545,99296,0.6477
99296,110270,1.6599000000000002
110270,18603,0.4792
660831,667814,1.0334
667814,46281,0.43789999999999996
46281,114858,0.5315
114858,268136,0.5832999999999999
268136,663376,0.3477
663376,101592,2.4332
101592,255176,0.4423
255176,639654,0.4605
639654,347805,0.2795
347805,172701,0.4141
172701,207955,0.6321
207955,81926,0.567
81926,570624,2.9728000000000003
570624,95254,0.798
95254,362140,0.48319999999999996
362140,378248,0.8012
378248,220519,4.1815
220519,290425,2.991
290425,308422,4.4455
652878,115591,0.2929
115591,40434,0.4035
40434,508787,0.4105
508787,318899,0.25689999999999996
318899,389402,0.4433
389402,437229,0.5167999999999999
437229,33543,0.309
33543,110270,0.5488
110270,210564,0.4646
210564,300705,0.9937
300705,160054,0.21580000000000002
160054,453702,0.541
453702,249811,0.3378
249811,202476,0.2791
202476,472201,0.2782
472201,557551,0.2081
557551,548883,0.3009
548883,207723,0.3168
207723,220207,0.3039
220207,24766,0.4368
24766,304439,0.5244
392197,342751,0.8709
342751,21029,0.7077
21029,152644,1.5204000000000002
152644,376500,7.4608
376500,575384,0.5302
575384,216463,2.7119
216463,268420,0.5257000000000001
268420,271673,2.3283
271673,456180,1.332
456180,318264,1.4793
318264,391244,0.9817
391244,503667,0.6167
503667,539311,0.8724
539311,154460,0.2691
154460,61527,0.8827999999999999
162927,481659,0.6271
481659,115591,0.4526
318899,617124,0.7282000000000001
617124,86790,0.346
86790,643235,0.30989999999999995
643235,682622,0.1982
682622,141339,0.3925
385148,536436,0.6597000000000001
536436,488912,4.7886999999999995
488912,402259,3.3476
402259,486736,0.8995
402259,254856,3.3469
254856,519448,2.0976999999999997
519448,345541,0.4165
345541,623129,0.10529999999999999
623129,519448,0.6888
519448,383564,1.7982
383564,275338,3.5009
275338,395584,0.6944
395584,380566,1.9414
380566,316330,2.0876
316330,501576,0.8144
501576,220057,1.0632000000000001
220057,611094,0.1807
611094,110270,0.7316
110270,61527,0.487
154460,210882,0.9086000000000001
210882,415801,0.5022
415801,612585,2.6819
612585,376867,3.3106
376867,416706,1.4504000000000001
416706,345541,0.6696
345541,519448,0.4165
519448,304208,1.9601
304208,202026,2.8721
202026,479883,0.4166
479883,180579,2.4691
180579,249775,2.4471
249775,103085,0.7178
103085,344679,1.9547
344679,651917,2.4693
651917,249781,2.2504
249781,201216,1.5152
201216,659245,0.4596
659245,646786,0.2512
134413,183978,5.333
163442,667814,1.0572000000000001
663376,132153,0.5102
132153,101592,2.3062
347805,311407,0.4233
311407,341230,0.474
341230,82332,0.415
82332,499519,0.5809
499519,212301,0.5952999999999999
110270,660831,0.4135
46281,175509,0.39280000000000004
175509,678310,0.234
678310,207723,0.4648
24766,612391,3.606
612391,628450,0.5141
628450,412514,1.3937
412514,542581,0.4646
542581,269165,2.4840999999999998
269165,433325,0.0224
433325,141660,0.7513
141660,204480,3.4221
204480,410816,0.39030000000000004
410816,681388,0.9155
681388,419858,0.782
502179,110761,0.5251
110761,153035,2.2203000000000004
153035,645602,1.636
488912,193801,2.4894000000000003
193801,536436,5.6592
536436,385148,0.7906
11763,158944,1.8816
644925,33046,0.48610000000000003
33046,613560,0.4802
613560,469929,0.29719999999999996
469929,537262,0.31880000000000003
629135,531703,1.2822
531703,142706,0.5467000000000001
142706,528641,0.3388
528641,651103,0.9051
651103,124617,0.2625
124617,575579,0.36660000000000004
575579,174963,0.36869999999999997
174963,251501,0.36219999999999997
251501,680574,0.4327
680574,490846,0.521
490846,90873,0.3725
90873,264526,0.8926000000000001
264526,642011,1.0995
395584,554614,1.9650999999999998
554614,489765,1.3340999999999998
489765,623129,0.7286
623129,496286,0.8383999999999999
496286,519448,0.4613
519448,532434,1.9182000000000001
532434,402259,3.3726
204480,141660,3.4221
141660,269165,0.7737
269165,529931,2.4642
529931,412514,0.4719
412514,436376,1.4118
436376,522938,0.534
522938,396992,3.4991999999999996
396992,356002,0.3579
356002,280526,0.43839999999999996
280526,678310,0.478
678310,175509,0.234
175509,254494,0.4377
254494,148417,0.383
148417,61527,0.8863
464431,396992,0.385
280526,319353,0.3738
319353,134831,0.30889999999999995
134831,472201,0.184
472201,672344,0.2399
672344,550508,0.2985
550508,367925,0.325
367925,196146,0.5983999999999999
196146,154460,0.2166
154460,448619,0.8608
448619,412780,0.4977
412780,457137,0.4777
457137,464442,0.3503
464442,161678,0.3957
161678,557904,0.5461
557904,59027,0.2935
59027,368193,0.4357
368193,120016,0.3323
120016,18500,0.198
179308,472935,0.5842999999999999
472935,148663,0.4365
148663,628411,0.2804
628411,424992,0.26380000000000003
424992,534773,0.4782
534773,448569,0.7339
448569,320043,0.8914
320043,238933,3.3404000000000003
238933,134413,0.38430000000000003
134413,27129,2.8144
27129,498604,1.8107
498604,227071,1.8139
141025,581041,2.8672
581041,403052,0.0364
403052,111218,1.9321
111218,431008,1.6157000000000001
431008,17125,0.8458
17125,563480,0.1411
563480,158310,1.2837
158310,241880,1.3865999999999998
241880,612998,0.7874
612998,45967,1.9053
45967,84137,1.8941
84137,675129,0.6842
675129,96175,0.5618
96175,453898,0.525
453898,358729,0.8
179308,210211,0.8042999999999999
210211,96175,0.5247999999999999
96175,675129,0.5485
675129,282332,0.6705
282332,612998,1.1085
612998,30454,0.7535
30454,141763,1.3874000000000002
141763,563480,1.2892000000000001
563480,17125,0.1411
17125,153497,0.8332
153497,70488,1.6424
70488,581041,2.1942
403052,160205,2.5903
160205,603269,0.753
603269,511225,0.2596
511225,498604,0.8418
227071,27129,3.9846
27129,523402,2.8211
523402,150219,0.38380000000000003
150219,320043,3.3343000000000003
320043,448569,0.8907
448569,565001,0.7402000000000001
565001,125020,0.4378
125020,628411,0.2918
628411,180760,0.37760000000000005
180760,617055,0.3895
617055,358729,0.5347999999999999
196146,61527,1.0994000000000002
61527,412780,0.499
412780,33543,0.4595
33543,369207,0.294
369207,220057,0.862
220057,452306,0.777
452306,501576,0.2862
501576,316330,0.8144
316330,310547,5.4365
310547,564322,0.7983
564322,275338,2.1566
275338,380566,2.6359
380566,419557,1.7964
419557,93555,2.1993
93555,355843,0.587
403052,21827,5.2545
21827,591009,1.0045
591009,501669,0.9504
319353,562330,0.7587999999999999
562330,539311,0.9157000000000001
349824,612585,0.2134
612585,51735,0.19369999999999998
51735,614556,0.294
614556,557904,0.8352999999999999
120016,194294,0.45039999999999997
194294,355730,0.7112999999999999
206538,419215,0.3329
419215,244278,0.8623
244278,98685,1.1539000000000001
98685,345603,0.8967
345603,468973,0.3956
468973,174963,0.6105
680574,515929,0.2833
515929,134354,0.36310000000000003
134354,240086,0.37
240086,301380,0.8672000000000001
301380,242114,0.3105
242114,448352,0.5461
448352,41264,1.2849000000000002
41264,37225,0.5604
37225,33046,0.35619999999999996
469929,432542,0.3961
432542,31921,0.3534
31921,112648,0.963
112648,248594,0.3035
248594,66785,0.696
66785,376352,0.4606
376352,375960,0.44210000000000005
646786,133148,0.25630000000000003
133148,47390,0.4467
47390,200742,2.123
200742,650333,2.4504
650333,468195,1.8969
468195,249775,0.7847000000000001
249775,135586,2.5046
135586,479883,2.4116
479883,486736,0.4171
486736,532434,2.9135
532434,519448,1.9182000000000001
519448,496286,0.4613
496286,604541,0.5018
604541,376867,1.5734000000000001
376867,645602,1.8072000000000001
645602,612585,0.8059
612585,323433,0.4983
323433,669293,0.375
669293,210226,0.3505
210226,436190,0.37410000000000004
436190,33543,0.4189
110270,163442,0.3897
163442,300705,1.0919
536436,193801,5.551399999999999
193801,362672,2.4563
362672,176238,1.1774
176238,402259,4.606
402259,202026,0.8991
501669,240972,1.4761
240972,169102,2.4941
169102,308091,1.681
210882,412780,0.4732
412780,354173,0.5821000000000001
354173,82461,0.3556
82461,174208,9.914100000000001
174208,673880,0.376
673880,330261,0.5111
82332,226255,0.4844
226255,212301,0.5025
212301,81926,0.1703
321192,440715,0.22269999999999998
440715,435127,0.2697
435127,391244,0.9643999999999999
503667,196146,0.9248999999999999
154460,210564,0.8603
210564,667814,0.959
207723,490553,0.1757
490553,207975,0.32589999999999997
207975,188754,0.38639999999999997
188754,165434,0.2998
165434,510039,0.2528
510039,178235,0.6134
178235,298335,0.69
298335,576054,0.37989999999999996
576054,377098,0.5343
377098,466196,0.4551
466196,159451,0.3785
159451,192527,1.0809000000000002
192527,682276,0.226
682276,207975,0.4181
207975,521628,0.3531
521628,280526,0.1352
148417,448619,0.8643
33413,557425,4.2192
557425,453071,0.57
453071,505742,1.503
505742,522774,0.6517000000000001
522774,514173,0.30269999999999997
514173,576281,3.1964
576281,563441,0.6453
563441,41273,1.2712999999999999
41273,482701,0.389
482701,574499,1.0054
82461,162927,0.38639999999999997
481659,18500,0.5781000000000001
18500,219688,0.4765
219688,126100,1.3919000000000001
402259,180579,3.556
180579,651917,4.2692
651917,650333,2.4218
249775,188679,2.6188000000000002
536436,97316,1.8877000000000002
97316,474713,6.2163
474713,362672,2.4335999999999998
362672,536436,4.8842
613765,207480,3.6475
207480,224469,3.044
224469,603269,0.2762
603269,261833,0.7681
261833,505190,2.5998
505190,626325,3.3362
626325,286523,1.6182999999999998
286523,310447,2.1361
310447,143674,4.3182
143674,303400,1.4678
303400,291939,2.6619
291939,442504,20.8079
442504,630654,3.462
604541,345541,0.5465
345541,253419,7.7343
253419,88479,2.8854
88479,200742,6.5918
200742,201216,2.1151
501669,607527,0.7513
607527,425039,0.5609
425039,199852,1.3552
199852,363170,0.436
363170,382795,0.8092
382795,270975,1.6365
270975,6941,1.4357
486736,402259,0.7202999999999999
402259,522230,4.4013
522230,488912,1.3749
488912,474713,2.4667
474713,536436,5.6819
536436,503721,0.8194
503721,546952,0.5202
546952,103836,0.4082
103836,97316,0.4566
54926,612939,0.253
612939,134831,0.2838
134831,257335,0.2097
257335,184088,0.2345
184088,81767,0.4358
81767,367925,0.2337
154460,18603,0.8749
18603,412780,0.4835
464442,515516,0.3717
515516,614556,0.5742999999999999
614556,51735,0.294
51735,643235,0.2547
141339,461467,0.3118
385148,97316,1.4138
97316,546952,0.9237000000000001
546952,265272,1.1345
489765,496286,0.6351
383564,630988,3.6241999999999996
630988,88479,4.984100000000001
88479,186304,2.8845
186304,402259,2.6041999999999996
212301,226255,0.5025
226255,82332,0.4844
82332,341230,0.415
341230,311407,0.474
311407,36122,0.4761
101592,132153,2.4766999999999997
132153,663030,0.3727
99296,254494,0.5122000000000001
529931,536412,0.2692
536412,249800,2.2665
249800,202289,0.3388
202289,522774,0.31860000000000005
522774,389647,0.6472
389647,453071,1.5074
453071,557425,0.3137
557425,253387,3.7022
253387,63920,0.3168
63920,527903,0.5496
527903,39967,1.0042
39967,426259,0.2877
426259,358729,0.7635
202026,402259,0.7207
402259,536436,8.1082
385148,546952,0.549
546952,100938,0.4078
100938,97316,0.457
378719,155256,3.8658
155256,630988,3.2419000000000002
630988,383564,3.6241999999999996
383564,519448,1.7982
345541,489765,0.6798
489765,380566,1.3577000000000001
402259,253419,2.6951
253419,188679,2.8894
188679,630988,4.9801
630988,450414,2.9766999999999997
450414,610189,0.5576
610189,564322,0.5132000000000001
298268,295324,0.5786
295324,269911,0.9379
269911,113365,0.6655
113365,598268,2.4547
598268,610189,2.3537
564322,545427,1.4663
545427,271673,0.5691
503667,409460,0.6754
376867,69584,2.7405999999999997
69584,515516,0.259
515516,437229,0.43119999999999997
353211,3538,0.9256
3538,269381,0.3614
269381,5591,0.2152
5591,251501,0.3693
448352,417885,2.4679
417885,469185,1.5562
469185,613560,0.9115
548883,539311,1.5989
412780,210226,1.2525
210226,669293,0.3505
669293,674796,1.0927
674796,465294,0.9372999999999999
465294,554614,1.9072
383564,310547,3.7418
310547,450414,0.6233
450414,630988,3.0725
630988,253419,2.7744
188679,155256,2.5718
155256,582625,3.8399
582625,378719,2.4255999999999998
225099,41264,0.8895
37225,120556,0.3563
120556,432542,0.3628
377247,71039,0.6491
71039,569694,0.0348
569694,11763,0.5325
11763,498217,0.6355
158944,393820,0.5504
393820,338564,0.7302000000000001
338564,467149,0.5818
126100,73781,1.5980999999999999
73781,110270,2.8669000000000002
110270,210882,0.5127999999999999
210882,196146,1.159
612998,84137,1.0735999999999999
104276,376500,0.1997
376500,430025,5.1108
342751,341678,0.7216
341678,534444,0.51
81926,628849,0.43260000000000004
628849,25924,2.3785
25924,220519,2.1255
304439,195221,0.5298999999999999
195221,292426,0.3201
292426,137706,0.2495
137706,550508,0.2816
161678,527752,0.35760000000000003
527752,25288,0.4788
25288,460050,0.3424
460050,56893,0.2515
56893,517245,0.2256
517245,16179,0.31489999999999996
16179,448800,0.29369999999999996
448800,652878,0.21769999999999998
554614,275338,2.6595
275338,383564,3.5009
255545,98059,0.4487
98059,465294,0.3855
465294,565115,0.6093999999999999
565115,79883,0.4601
79883,431995,0.2398
431995,555252,0.3065
555252,657833,0.43360000000000004
657833,445447,0.36419999999999997
445447,674796,0.3019
674796,403361,0.4047
403361,323433,0.313
110270,346596,0.4767
465294,395584,2.0615
395584,275338,0.6944
275338,203883,2.1521999999999997
203883,610189,0.5176000000000001
610189,450414,0.5576
450414,402259,6.847
96175,423782,1.0980999999999999
423782,426259,1.4737
426259,474366,0.4569
474366,148663,0.5435
534620,516371,0.1923
516371,355730,10.1095
355730,538406,0.4002
538406,357064,0.2709
357064,110270,0.6708
423782,358729,1.2564000000000002
358729,374813,0.8916000000000001
374813,117407,0.483
117407,229688,0.5337000000000001
229688,437074,0.6695
437074,430490,0.627
430490,308422,0.8911
308422,461679,2.7614
461679,204867,0.4036
204867,252486,0.7068
252486,320703,1.0139
320703,647768,1.17
647768,108255,1.011
108255,631531,0.3659
631531,633656,0.7825
633656,78674,0.924
208636,502179,2.7294
153035,604541,1.9442000000000002
345541,383564,2.2146999999999997
380566,465294,1.9477
465294,674796,0.9372999999999999
403361,669293,0.688
669293,436190,0.7245
436190,457137,0.4007
457137,110270,0.567
660831,196146,1.2583
155256,88479,2.5446999999999997
186304,630988,2.8710999999999998
591009,125445,1.2176
383908,591009,0.8052999999999999
591009,659604,0.815
659604,1305,0.8783
1305,6941,2.5421
628411,325466,0.38889999999999997
325466,363156,0.8939
363156,423782,0.49060000000000004
308422,290425,4.4455
290425,220519,3.0263
574499,482701,0.3762
482701,41273,0.5162
41273,563441,1.2712999999999999
563441,127504,0.6497
127504,202289,3.1952
389647,33413,5.5954
152644,285308,1.9826
285308,358984,0.6568999999999999
358984,595700,0.2161
595700,332082,3.1323000000000003
332082,376500,2.1039
457137,369207,0.2758
369207,611094,0.6812
611094,220057,0.1807
220057,321016,0.37210000000000004
321016,643235,0.5498
643235,1641,0.7547999999999999
1641,376867,1.7973
505554,534773,2.0892
134413,540618,3.0786
540618,17125,0.7895
17125,365010,0.885
365010,597008,1.1907999999999999
453898,474366,0.4763
254856,532434,0.2164
232282,196146,1.0292999999999999
196146,667814,0.2727
46281,101592,3.8956999999999997
71039,431200,0.8014
431200,276244,0.49860000000000004
276244,307743,0.6132000000000001
307743,437384,0.295
437384,382386,0.6902999999999999
382386,58542,0.5881000000000001
58542,495033,1.2951
83560,578821,1.2056
396550,431008,3.3217
431008,83560,2.3257
225527,578821,0.9519
265272,385148,0.7394
180579,103085,3.1649000000000003
344679,646786,4.7162
200742,188679,6.5878000000000005
188679,186304,2.8885
186304,486736,2.0261
468973,515929,0.4077
301380,569261,0.30210000000000004
569261,612547,0.3163
612547,242114,0.4487
242114,265072,0.3232
265072,526122,0.3172
526122,448352,0.5063
31921,11763,1.8264
11763,112648,1.523
314233,503721,0.5212
503721,265272,1.0215
18603,415801,0.5125
415801,135781,0.1996
135781,448226,1.408
448226,74991,0.365
74991,154293,0.1606
154293,349824,0.3354
612585,328818,0.1734
328818,452306,0.6077
452306,643085,0.5223
643085,638135,1.2644000000000002
638135,609443,0.22790000000000002
609443,18603,0.6986
537262,338564,0.7447
141660,433325,0.7513
433325,269165,0.0224
97316,103836,0.4566
103836,314233,0.4072
503721,536436,0.9702999999999999
536436,402259,7.9745
461467,645602,0.30460000000000004
645602,487397,0.2049
487397,349824,0.3876
612585,86790,0.24880000000000002
86790,617124,0.346
617124,69584,0.2424
346596,300705,0.9816
453702,496577,0.2818
496577,562330,0.4138
562330,662330,0.1975
662330,557551,0.2765
557551,60916,0.25930000000000003
60916,54926,0.2528
677529,630083,0.43
630083,173925,0.45189999999999997
173925,512620,0.6988
512620,391832,0.29760000000000003
391832,158944,1.0132
33046,320724,0.5125
320724,469185,0.59
469185,417885,1.5271
417885,531703,2.6793
358984,273650,0.6274
668138,125445,0.413
125445,343702,0.569
343702,561502,1.1359000000000001
561502,60911,0.729
60911,545197,0.6631
545197,674245,1.3055
674245,30154,0.9783999999999999
30154,521137,2.8945
521137,569621,0.4769
569621,363613,0.5231
363613,100306,10.6815
100306,206304,3.3767
206304,442504,20.6959
22141,571664,1.1870999999999998
571664,557904,0.3311
557904,110270,1.4730999999999999
220519,344281,2.2335
344281,628849,2.3943000000000003
628849,81926,0.4156
661519,358930,3.2786
358930,291939,20.8094
291939,303400,2.6619
303400,143674,1.4678
143674,670383,2.7023
670383,310447,1.6159000000000001
310447,286523,2.4463000000000004
286523,626325,1.6730999999999998
626325,19072,3.3621
19072,261833,2.5739
261833,603269,0.7681
603269,224469,0.2762
224469,207480,2.6419
207480,613765,4.0017
290911,94646,0.6197
94646,415606,0.5366000000000001
415606,487434,0.2534
487434,196146,0.6292000000000001
25288,70723,0.5451
70723,502179,2.2297
61527,415801,0.528
135781,643085,1.3689
643085,674796,0.5224
642011,266970,0.961
266970,206538,0.2676
47390,440655,1.5247
440655,200742,2.2588000000000004
358930,206304,20.697400000000002
206304,100306,2.4941999999999998
100306,74135,9.7264
74135,276958,0.524
276958,358910,0.479
358910,30154,2.8918000000000004
30154,674245,0.9783999999999999
674245,109781,1.3188
109781,491482,0.5789
491482,670383,0.5412
670383,561502,0.3505
561502,511096,1.2461
511096,239314,0.5709
239314,668138,0.4139
285308,273650,0.7584
273650,358984,0.7239
320703,592143,1.1864000000000001
592143,78674,0.4667
78674,346860,1.2821
346860,223441,0.4303
223441,412514,0.5492999999999999
97316,536436,1.4350999999999998
132153,521628,1.9662
319353,672344,0.7328
402259,362672,3.4066
321016,612585,0.48869999999999997
511225,27129,2.4762
355843,353433,2.2353
353433,316383,0.5313
316383,175401,0.5146000000000001
175401,389402,0.2655
160054,454036,0.6144
454036,52690,0.7222000000000001
52690,358568,0.2382
358568,290911,0.26380000000000003
378412,150219,0.2722
27507,203883,2.0229
610189,510958,2.3284000000000002
510958,144129,2.4396999999999998
144129,336316,0.6748999999999999
336316,642824,0.9759
642824,104276,1.2353
1641,419557,1.5876
478706,270975,1.4385999999999999
270975,382795,1.6365999999999998
382795,53721,0.5615
53721,452762,0.2469
452762,440307,0.3516
440307,307778,1.4048
307778,192851,0.5896
192851,501502,0.5718
501502,591009,0.6776
383908,240972,1.8087
196146,210882,1.1252
412780,219688,2.8935
478706,1305,1.6698
1305,91733,0.8947999999999999
91733,501502,0.3246
179308,363156,0.8071
363156,39967,0.2855
39967,13321,0.5812999999999999
13321,63920,0.4749
63920,253387,0.3168
253387,557425,3.7016999999999998
514173,249800,0.3547
249800,223441,2.2281999999999997
223441,542581,0.3003
269165,141660,0.7737
302649,187635,1.1765
187635,341598,2.2377
341598,192115,1.4517
192115,148804,7.688
148804,557425,0.6283
383564,532434,3.5871
391832,11763,1.4674
575579,490846,0.3921
490846,642011,1.3932
73781,487534,0.2758
487534,194294,0.6503
300705,196146,0.19019999999999998
196146,184088,0.9738
184088,548883,0.7692
531703,655661,0.45180000000000003
655661,134594,0.33039999999999997
134594,142706,0.36510000000000004
142706,362982,0.4106
362982,369191,0.3266
369191,528641,0.3583
355843,22141,2.2382
578821,396550,2.1685
396550,153497,3.2762
70488,160205,0.9238999999999999
244278,5591,1.5933
591009,240972,1.4387999999999999
546952,174208,23.0856
308091,581041,3.3123
581041,153497,2.8803
412514,536412,0.5109
536412,325921,0.466
325921,78674,1.2847
78674,61400,0.4073
61400,554797,1.3751
554797,444097,0.8465
444097,533062,0.6835
533062,461679,0.4054
461679,308422,7.3143
362672,265272,4.9354
16865,536436,4.9456999999999995
143674,206304,8.471200000000001
670383,511096,1.3679000000000001
343702,310447,1.6422999999999999
183978,30454,0.9128
563480,365010,0.8765
597008,17125,0.1055
17125,441803,0.8237000000000001
441803,134413,3.2182
134413,150219,0.39039999999999997
253419,630988,3.3552
254856,253419,5.699
380566,489765,1.3577000000000001
97316,100938,0.457
100938,314233,0.4067
314233,385148,0.55
202026,254856,2.8623000000000003
254856,450414,5.269100000000001
450414,327987,0.6492
327987,383564,3.5945
275338,630988,6.2999
630988,186304,2.7753
383564,496286,2.2594000000000003
496286,416706,0.6247999999999999
416706,126100,4.978899999999999
126100,401037,2.2598000000000003
515516,71891,0.44539999999999996
71891,376867,2.5536
31921,512620,1.2544000000000002
391832,244649,0.399
642824,298268,0.5714
272136,225423,0.5771000000000001
225423,225099,0.6879
215588,613765,4.0451999999999995
261833,209932,0.8082999999999999
209932,182085,1.7157
182085,505190,2.8377
626325,310447,1.9864000000000002
310447,161996,1.1637
161996,511096,0.4773
501669,591009,0.5726
346596,412780,0.486
18500,284366,0.5839
284366,686692,0.3442
686692,111238,2.4326999999999996
111238,401037,0.254
401037,295350,0.49689999999999995
27129,153497,4.2285
21827,501669,1.4195
536436,474713,5.5741000000000005
395584,316330,2.1828000000000003
501576,448226,0.4663
448226,638135,1.3034000000000001
609443,660831,0.6329
374813,320703,5.477
320703,436376,2.5099
436376,396992,4.0146
596275,394543,0.5277000000000001
643235,554614,4.0446
186304,479883,2.6967
479883,651917,6.738300000000001
651917,103085,4.316
108255,578431,1.0109
578431,308422,10.0942
528641,417885,1.8714000000000002
265272,162143,1.5836
162143,16865,2.4994
18500,194024,0.3143
194024,156701,0.3128
156701,624246,0.2969
624246,364877,0.3438
364877,312021,0.255
312021,316383,0.3383
249811,137706,0.30060000000000003
137706,159253,0.2718
159253,141078,0.29860000000000003
141078,464431,0.6207
448619,300705,0.9932000000000001
160054,669342,0.8784
113818,318264,0.9919
318264,666081,0.257
666081,55704,0.42869999999999997
55704,321192,0.3147
433325,204480,4.2235
273650,285308,1.0682
341678,331610,0.8829
331610,415361,0.5622
196146,669342,0.904
24766,628450,4.1015
628450,554797,2.6212
554797,52414,9.5193
155256,595668,3.7868000000000004
595668,582625,3.6444
342751,392197,0.7172999999999999
574499,322261,1.654
322261,204480,0.6393
681388,377395,0.4958
377395,269288,4.6749
480826,596591,3.306
596591,127504,0.2062
389647,557425,1.8211
557425,552855,3.2807
552855,25691,0.2741
25691,585824,0.42869999999999997
585824,541779,0.49360000000000004
541779,441847,0.1055
441847,334379,0.6654
334379,129798,1.0577
129798,187635,0.5534
415361,392197,0.541
343702,161996,0.4801
161996,310447,1.1622000000000001
310447,626325,1.8777000000000001
19072,182085,2.8118000000000003
182085,209932,1.7157
209932,261833,0.8082999999999999
613765,215588,4.0451999999999995
409460,548883,1.6040999999999999
513106,376500,1.969
501576,61527,2.6774
58542,569694,0.6936
467149,620997,0.2026
620997,522579,0.5575
522579,680340,0.4652
295350,208636,0.498
208636,636648,0.177
636648,86829,2.4404
86829,541824,0.3211
541824,487534,0.38189999999999996
369207,679635,0.175
679635,611094,0.5063
321016,452306,0.4049
501576,156385,0.3112
156385,565115,0.35969999999999996
657833,316330,0.25789999999999996
316330,98059,0.7492000000000001
98059,277986,0.3396
277986,257868,0.32489999999999997
576641,55559,0.4383
55559,187635,4.2024
187635,616157,1.1211
412780,318899,1.7709000000000001
318899,408858,0.405
408858,22141,1.1416
81926,212301,0.1703
441803,523402,3.2248
565001,58602,2.1024000000000003
249775,88479,2.6228000000000002
88479,135586,2.6405
135586,402259,3.4068
548883,496577,1.2164000000000001
496577,361271,3.8596
215869,112648,0.5066
22141,502179,2.8805
314233,265272,1.1355
27129,83560,2.5268
141025,403052,2.5911
516371,314233,23.637400000000003
52414,423782,1.8285
426259,423733,0.7101000000000001
423733,58602,1.2661
146984,37225,0.7996
33413,341598,3.2736
192115,480826,3.4683
480826,20805,3.1528
20805,593353,0.43460000000000004
593353,269288,0.8634
269288,413252,2.1047
413252,377395,5.395
377395,419858,0.4402
419858,681388,1.061
304208,486736,2.8716
